<?xml version="1.0" encoding="utf-8"?>
<extension type="component" version="3.2.0" method="upgrade">
 
	<name>COM_BOOKINGADMIN</name>
	<!-- The following elements are optional and free of formatting constraints -->
	<creationDate>05 Apr 2020</creationDate>
	<author>Geoff Markley</author>
	<authorEmail>general@ormondskiclub.com.au</authorEmail>
	<authorUrl>www.ormondskiclub.com.au</authorUrl>
	<copyright>Copyright Info</copyright>
	<license>License Info</license>
	<!--  The version string is recorded in the components table -->
	<version>2.0.6.0</version>
	<!-- The description is optional and defaults to the name -->
	<description>COM_BOOKINGADMIN_DESCRIPTION</description>
 
	<install> <!-- Runs on install -->
		<sql>
			<file driver="mysql" charset="utf8">sql/install.mysql.utf8.sql</file>
		</sql>
	</install>
	<uninstall> <!-- Runs on uninstall -->
		<sql>
			<file driver="mysql" charset="utf8">sql/uninstall.mysql.utf8.sql</file>
		</sql>
	</uninstall>
	<update> <!-- Runs on update; New since J2.5 -->
		<schemas>
			<schemapath type="mysql">sql/updates/mysql</schemapath>
		</schemas>
	</update>
 
	<!-- Site Main File Copy Section -->
	<!-- Note the folder attribute: This attribute describes the folder
		to copy FROM in the package to install therefore files copied
		in this section are copied from /site/ in the package -->
	<files folder="site">
		<filename>index.html</filename>
		<filename>bookingadmin.php</filename>
		<filename>controller.php</filename>
		<!-- views files section -->
		<folder>views</folder>
		<!-- tables files section -->
		<folder>tables</folder>
		<!-- models files section -->
		<folder>models</folder>
		<!-- controllers files section -->
		<folder>controllers</folder>
		<folder>language</folder>
	</files>
 
	<administration>
		<!-- Administration Menu Section -->
		<menu link='index.php?option=com_bookingadmin'>COM_BOOKINGADMIN_MENU</menu>
		<submenu>
			<menu link="option=com_bookingadmin&amp;view=bookings" view="bookings"
				img="class:bookingadmin-bookings" alt="bookingadmin/bookings">COM_BOOKINGADMIN_BOOKINGS</menu>
			
		</submenu>
		<!-- Administration Main File Copy Section -->
		<!-- Note the folder attribute: This attribute describes the folder
			to copy FROM in the package to install therefore files copied
			in this section are copied from /admin/ in the package -->
		<files folder="admin">
			<!-- Admin Main File Copy Section -->
			<filename>index.html</filename>
			<filename>bookingadmin.php</filename>
			<filename>controller.php</filename>
			<!-- SQL files section -->
			<folder>sql</folder>
			<!-- tables files section -->
			<folder>tables</folder>
			<!-- models files section -->
			<folder>models</folder>
			<!-- views files section -->
			<folder>views</folder>
			<!-- controllers files section -->
			<folder>controllers</folder>
			<!-- helpers files section -->
			<folder>helpers</folder>
		</files>
		<languages folder="admin/language">
        		<language tag="en-GB">en-GB/en-GB.com_bookingadmin.ini</language>
                <language tag="en-GB">en-GB/en-GB.com_bookingadmin.sys.ini</language>
		</languages>
	</administration>
 
</extension>